{"value":[{"userId":"3fa85f64-5717-4562-b3fc-2c963f66afa6","userName":"string","firstName":"md","lastName":"md","gender":"md","address":"eqwed","userBirthday":"May 14, 2021 7:24:20 PM","mobileNumber":0,"email":"md","lastActivityDate":"May 14, 2021 7:24:20 PM","isPremiumProfile":true},{"userId":"3fa85f64-5717-4562-b3fc-2c963f66afa3","userName":"string","firstName":"md","lastName":"md","gender":"md","address":"mdddde","userBirthday":"May 14, 2021 7:24:20 PM","mobileNumber":0,"email":"md","lastActivityDate":"May 14, 2021 7:24:20 PM","isPremiumProfile":true},{"userId":"40118a25-15ed-465d-8f51-34358aacda0d","userName":"string","firstName":"md","lastName":"md","gender":"md","address":"mdddde","userBirthday":"May 14, 2021 7:24:20 PM","mobileNumber":0,"email":"md","lastActivityDate":"May 14, 2021 7:24:20 PM","isPremiumProfile":true},{"userId":"533ea182-fd67-40c9-b8e9-16dab6609d1e","userName":"string","firstName":"md","lastName":"md","gender":"md","address":"mdddde","userBirthday":"May 14, 2021 7:24:20 PM","mobileNumber":0,"email":"md","lastActivityDate":"May 14, 2021 7:24:20 PM","isPremiumProfile":true},{"userId":"3bcdc925-a2ad-439e-a7f8-3fe26f1771c8","userName":"string","firstName":"md","lastName":"md","gender":"md","address":"","userBirthday":"May 14, 2021 7:24:20 PM","mobileNumber":0,"email":"md","lastActivityDate":"May 14, 2021 7:24:20 PM","isPremiumProfile":true},{"userName":"string","firstName":"md","lastName":"md","gender":"male","address":"dssss","userBirthday":"May 14, 2021 7:24:20 PM","mobileNumber":0,"email":"md@dd.com","lastActivityDate":"May 15, 2021 2:54:35 PM","isPremiumProfile":true}]}